Item,Item_names,Time
36,rocket fuel,1550360015
32,paper,1550350915
55,bacon,1550352015
11,bagpack,1550365015
68,dress,1550368315
66,boots,1550357815
43,bottles,1550353115
66,boots,1550369615
9,heals,1550361715
47,chain,1550360515
34,pencil,1550355715
15,mobiles,1550353915
66,boots,1550369815
12,pillow,1550356615
12,pillow,1550368315
35,radio,1550365015
38,ink,1550363615
51,cakes,1550357215
30,maggi,1550365515
46,bread,1550364615
36,rocket fuel,1550370115
57,sugar,1550357915
59,onions,1550362115
56,tomatoes,1550361415
8,sandal,1550368815
29,lays,1550357015
23,necklace,1550356615
19,soda,1550362315
13,teddy,1550362115
37,bulbs,1550368315
27,cashew,1550350915
9,heals,1550355115
64,milk,1550361115
8,sandal,1550354615
43,bottles,1550356415
67,sweaters,1550365515
14,suitcase,1550365615
25,shampoo,1550368515
49,mutton,1550360415
29,lays,1550365715
14,suitcase,1550352715
33,pen,1550363615
16,laptop,1550367815
3,shoes,1550367415
3,shoes,1550353815
10,handbag,1550369515
44,juice,1550355415
1,watch,1550368415
54,rope,1550352215
44,juice,1550362115
38,ink,1550362915
54,rope,1550355515
46,bread,1550352715
66,boots,1550360015
67,sweaters,1550352015
60,yeast,1550359715
45,cars,1550354615
59,onions,1550364315
29,lays,1550365015
27,cashew,1550361815
54,rope,1550358815
37,bulbs,1550351715
32,paper,1550354415
3,shoes,1550363915
42,books,1550360015
51,cakes,1550352215
68,dress,1550370515
9,heals,1550351515
11,bagpack,1550356115
41,letters,1550362515
1,watch,1550366115
31,keyboard,1550367915
38,ink,1550351015
33,pen,1550369915
53,pearls,1550368515
4,belt,1550354015
29,lays,1550357515
51,cakes,1550369415
69,jacket,1550359215
3,shoes,1550370515
37,bulbs,1550366315
17,fridge,1550367415
20,hat,1550359315
24,ring,1550367215
16,laptop,1550351815
45,cars,1550364415
65,handbags,1550358315
51,cakes,1550352515
12,pillow,1550369915
28,juice,1550362615
2,wallet,1550355815
56,tomatoes,1550354415
19,soda,1550352415
9,heals,1550353315
26,dates,1550359115
10,handbag,1550361515
38,ink,1550357915
34,pencil,1550363215
68,dress,1550369315
27,cashew,1550358715
36,rocket fuel,1550352315
25,shampoo,1550366415
34,pencil,1550357615
48,bullets,1550362815
42,books,1550360815
45,cars,1550356915
33,pen,1550355915
9,heals,1550360415
67,sweaters,1550358515
40,shower,1550358015
53,pearls,1550359215
7,skirt,1550351115
69,jacket,1550370415
17,fridge,1550367315
46,bread,1550360015
32,paper,1550368415
33,pen,1550368115
61,vegetables,1550353615
2,wallet,1550365615
18,desk,1550364815
42,books,1550355215
7,skirt,1550360615
14,suitcase,1550367115
54,rope,1550360815
48,bullets,1550357315
20,hat,1550362515
40,shower,1550355515
2,wallet,1550367615
52,cards,1550358215
13,teddy,1550351115
27,cashew,1550356115
55,bacon,1550363715
61,vegetables,1550356715
15,mobiles,1550366715
13,teddy,1550360315
44,juice,1550351915
2,wallet,1550352015
9,heals,1550367015
13,teddy,1550357515
34,pencil,1550357015
48,bullets,1550354215
21,bangles,1550363115
17,fridge,1550361715
52,cards,1550369315
34,pencil,1550358115
7,skirt,1550350815
60,yeast,1550354215
62,baking powder,1550361115
28,juice,1550365515
5,rice,1550362615
6,sugar,1550361215
51,cakes,1550361815
53,pearls,1550367815
54,rope,1550353615
60,yeast,1550352515
57,sugar,1550363115
31,keyboard,1550355615
17,fridge,1550364915
49,mutton,1550358715
61,vegetables,1550357015
19,soda,1550367015
2,wallet,1550353415
57,sugar,1550353515
27,cashew,1550352115
41,letters,1550359115
47,chain,1550352215
58,eggs,1550351015
10,handbag,1550366215
49,mutton,1550369815
67,sweaters,1550365615
66,boots,1550353315
1,watch,1550368415
29,lays,1550363915
8,sandal,1550352215
34,pencil,1550357515
12,pillow,1550360615
18,desk,1550368915
32,paper,1550367015
55,bacon,1550351615
11,bagpack,1550370515
2,wallet,1550358415
32,paper,1550356515
63,cheese,1550359215
6,sugar,1550354115
11,bagpack,1550356815
69,jacket,1550370015
19,soda,1550356815
69,jacket,1550358815
54,rope,1550356115
39,pajamas,1550364615
43,bottles,1550355115
69,jacket,1550355315
27,cashew,1550353015
34,pencil,1550359115
34,pencil,1550354815
26,dates,1550357015
48,bullets,1550353815
34,pencil,1550365315
46,bread,1550360615
40,shower,1550361315
45,cars,1550361215
38,ink,1550354615
54,rope,1550359715
55,bacon,1550369915
14,suitcase,1550368215
24,ring,1550359015
67,sweaters,1550351115
42,books,1550366215
57,sugar,1550363415
37,bulbs,1550359815
58,eggs,1550369715
41,letters,1550353615
44,juice,1550362115
59,onions,1550360915
21,bangles,1550360215
8,sandal,1550369615
3,shoes,1550354215
51,cakes,1550355115
43,bottles,1550366315
52,cards,1550362215
9,heals,1550357115
55,bacon,1550367915
20,hat,1550359615
21,bangles,1550368915
49,mutton,1550359415
34,pencil,1550354715
2,wallet,1550367415
54,rope,1550357015
37,bulbs,1550366315
59,onions,1550370015
50,shampoo,1550365315
2,wallet,1550370515
40,shower,1550366715
49,mutton,1550359915
35,radio,1550366515
9,heals,1550353615
33,pen,1550352915
36,rocket fuel,1550353315
35,radio,1550363815
36,rocket fuel,1550368915
43,bottles,1550352915
25,shampoo,1550360615
35,radio,1550356115
62,baking powder,1550365115
53,pearls,1550369715
52,cards,1550358415
18,desk,1550354215
29,lays,1550368915
10,handbag,1550352315
4,belt,1550352015
5,rice,1550360515
38,ink,1550361715
69,jacket,1550366015
15,mobiles,1550359415
36,rocket fuel,1550370015
47,chain,1550358315
39,pajamas,1550369915
64,milk,1550352815
19,soda,1550364615
35,radio,1550351015
62,baking powder,1550357315
54,rope,1550358115
68,dress,1550358015
55,bacon,1550366715
28,juice,1550365215
17,fridge,1550362815
61,vegetables,1550366215
56,tomatoes,1550370115
22,earrings,1550369215
5,rice,1550359115
25,shampoo,1550362015
43,bottles,1550364615
38,ink,1550362015
17,fridge,1550368315
15,mobiles,1550361415
26,dates,1550365915
26,dates,1550360615
60,yeast,1550355415
47,chain,1550356715
28,juice,1550364315
16,laptop,1550355815
46,bread,1550353615
40,shower,1550360515
4,belt,1550354215
15,mobiles,1550365415
30,maggi,1550357715
45,cars,1550367615
58,eggs,1550360815
15,mobiles,1550364815
8,sandal,1550358915
41,letters,1550368115
29,lays,1550367015
40,shower,1550365115
60,yeast,1550366715
35,radio,1550356715
25,shampoo,1550368915
31,keyboard,1550370515
29,lays,1550360315
34,pencil,1550370315
37,bulbs,1550352015
26,dates,1550352115
39,pajamas,1550358015
66,boots,1550360515
45,cars,1550357115
33,pen,1550359615
23,necklace,1550362215
2,wallet,1550360515
66,boots,1550362815
11,bagpack,1550369815
59,onions,1550351215
8,sandal,1550364715
30,maggi,1550361615
25,shampoo,1550363215
69,jacket,1550362315
22,earrings,1550366715
8,sandal,1550353015
4,belt,1550368215
66,boots,1550360615
49,mutton,1550367115
56,tomatoes,1550360015
28,juice,1550361415
57,sugar,1550365115
15,mobiles,1550351215
47,chain,1550351415
69,jacket,1550351915
23,necklace,1550369215
55,bacon,1550368215
60,yeast,1550361015
53,pearls,1550351615
22,earrings,1550366015
32,paper,1550370515
7,skirt,1550355215
34,pencil,1550359415
16,laptop,1550362815
30,maggi,1550362115
39,pajamas,1550362015
25,shampoo,1550356215
14,suitcase,1550369215
58,eggs,1550351015
3,shoes,1550365815
46,bread,1550353215
18,desk,1550365215
65,handbags,1550365915
29,lays,1550369415
42,books,1550367315
47,chain,1550355015
47,chain,1550366115
47,chain,1550356515
61,vegetables,1550360715
25,shampoo,1550359415
63,cheese,1550364415
57,sugar,1550361515
25,shampoo,1550357415
33,pen,1550364515
46,bread,1550370715
2,wallet,1550370115
37,bulbs,1550353015
61,vegetables,1550365415
67,sweaters,1550363415
5,rice,1550361615
67,sweaters,1550368115
3,shoes,1550353915
62,baking powder,1550357315
64,milk,1550356315
33,pen,1550362815
20,hat,1550360615
60,yeast,1550366015
60,yeast,1550354215
69,jacket,1550360215
15,mobiles,1550361815
17,fridge,1550362715
43,bottles,1550358415
41,letters,1550359915
46,bread,1550358315
33,pen,1550364515
38,ink,1550360815
31,keyboard,1550351915
19,soda,1550364315
46,bread,1550369115
1,watch,1550365815
17,fridge,1550356015
31,keyboard,1550365515
53,pearls,1550353615
58,eggs,1550358315
19,soda,1550356115
57,sugar,1550351215
27,cashew,1550370015
22,earrings,1550364915
67,sweaters,1550353615
52,cards,1550360015
9,heals,1550352815
26,dates,1550364115
19,soda,1550351615
47,chain,1550358415
29,lays,1550359115
40,shower,1550352815
1,watch,1550354215
9,heals,1550362015
9,heals,1550369215
61,vegetables,1550369115
56,tomatoes,1550366915
31,keyboard,1550362415
20,hat,1550358415
29,lays,1550369915
51,cakes,1550356415
69,jacket,1550357415
28,juice,1550360415
2,wallet,1550361415
21,bangles,1550364815
22,earrings,1550370615
19,soda,1550362615
29,lays,1550364715
56,tomatoes,1550369515
43,bottles,1550362815
45,cars,1550358915
23,necklace,1550358915
46,bread,1550362215
52,cards,1550368615
44,juice,1550364915
64,milk,1550357915
29,lays,1550359315
31,keyboard,1550363515
24,ring,1550368215
12,pillow,1550368215
53,pearls,1550353515
69,jacket,1550367615
23,necklace,1550367015
26,dates,1550361215
68,dress,1550369515
5,rice,1550357315
38,ink,1550359915
56,tomatoes,1550356815
22,earrings,1550369915
11,bagpack,1550363515
1,watch,1550362915
15,mobiles,1550360715
6,sugar,1550352815
11,bagpack,1550354715
36,rocket fuel,1550353615
68,dress,1550352015
62,baking powder,1550359515
25,shampoo,1550369715
26,dates,1550361215
46,bread,1550357615
15,mobiles,1550361515
67,sweaters,1550360515
61,vegetables,1550366715
45,cars,1550353315
21,bangles,1550362415
12,pillow,1550352115
18,desk,1550370515
36,rocket fuel,1550362615
62,baking powder,1550366915
15,mobiles,1550355115
22,earrings,1550362115
37,bulbs,1550368615
58,eggs,1550364915
3,shoes,1550351015
31,keyboard,1550357115
68,dress,1550358215
59,onions,1550365515
5,rice,1550361015
16,laptop,1550359515
7,skirt,1550365315
56,tomatoes,1550359215
66,boots,1550367215
9,heals,1550366515
41,letters,1550363815
1,watch,1550358515
69,jacket,1550356115
5,rice,1550355915
16,laptop,1550358215
63,cheese,1550353215
25,shampoo,1550355315
60,yeast,1550362915
44,juice,1550358515
64,milk,1550366815
56,tomatoes,1550363015
38,ink,1550366315
5,rice,1550362315
54,rope,1550354515
1,watch,1550354015
8,sandal,1550351615
1,watch,1550370515
65,handbags,1550363915
1,watch,1550361915
38,ink,1550358915
6,sugar,1550363815
69,jacket,1550363915
46,bread,1550355015
9,heals,1550351815
12,pillow,1550350915
28,juice,1550368915
42,books,1550369315
50,shampoo,1550353915
11,bagpack,1550365315
42,books,1550360215
67,sweaters,1550351615
41,letters,1550368215
16,laptop,1550363215
64,milk,1550356815
3,shoes,1550359815
63,cheese,1550359415
58,eggs,1550357715
27,cashew,1550369415
67,sweaters,1550362115
41,letters,1550352415
36,rocket fuel,1550370715
5,rice,1550361715
58,eggs,1550360715
40,shower,1550357215
57,sugar,1550366715
8,sandal,1550369415
37,bulbs,1550370615
41,letters,1550362215
28,juice,1550369915
53,pearls,1550356015
52,cards,1550366415
8,sandal,1550366815
17,fridge,1550370615
55,bacon,1550356615
29,lays,1550355215
45,cars,1550370615
12,pillow,1550356115
58,eggs,1550369115
55,bacon,1550366115
42,books,1550360515
66,boots,1550356615
34,pencil,1550360015
67,sweaters,1550363515
11,bagpack,1550360515
42,books,1550368215
66,boots,1550353315
60,yeast,1550364115
4,belt,1550358615
20,hat,1550360115
21,bangles,1550351915
3,shoes,1550357415
27,cashew,1550352615
43,bottles,1550366415
28,juice,1550365115
64,milk,1550351515
28,juice,1550355015
3,shoes,1550354715
67,sweaters,1550365915
17,fridge,1550360815
12,pillow,1550368615
10,handbag,1550366415
67,sweaters,1550355715
7,skirt,1550352915
25,shampoo,1550358315
39,pajamas,1550364815
40,shower,1550360715
1,watch,1550350915
66,boots,1550360415
3,shoes,1550362815
64,milk,1550362515
2,wallet,1550356615
51,cakes,1550367715
64,milk,1550361115
58,eggs,1550369515
8,sandal,1550365915
2,wallet,1550357515
26,dates,1550351115
27,cashew,1550356915
65,handbags,1550363215
27,cashew,1550363715
11,bagpack,1550365715
29,lays,1550354915
58,eggs,1550369415
51,cakes,1550355415
56,tomatoes,1550358715
15,mobiles,1550356815
27,cashew,1550358115
11,bagpack,1550360015
49,mutton,1550360515
51,cakes,1550360115
35,radio,1550365515
60,yeast,1550365215
45,cars,1550357915
41,letters,1550366715
15,mobiles,1550366915
57,sugar,1550357015
8,sandal,1550362415
18,desk,1550359915
23,necklace,1550361715
68,dress,1550358015
29,lays,1550369815
49,mutton,1550362415
8,sandal,1550364015
25,shampoo,1550364015
11,bagpack,1550363415
30,maggi,1550353215
7,skirt,1550370115
20,hat,1550351615
21,bangles,1550364815
62,baking powder,1550356615
51,cakes,1550357915
17,fridge,1550362115
21,bangles,1550360715
27,cashew,1550365115
27,cashew,1550364115
15,mobiles,1550368115
15,mobiles,1550358315
1,watch,1550368315
50,shampoo,1550358715
21,bangles,1550370215
31,keyboard,1550356315
4,belt,1550362315
9,heals,1550368815
9,heals,1550366615
30,maggi,1550365515
44,juice,1550355215
13,teddy,1550362015
19,soda,1550369715
24,ring,1550363515
33,pen,1550352615
69,jacket,1550354915
8,sandal,1550361215
21,bangles,1550366415
40,shower,1550362115
45,cars,1550368915
23,necklace,1550367715
7,skirt,1550367115
30,maggi,1550356715
34,pencil,1550363115
34,pencil,1550359815
42,books,1550360615
28,juice,1550351715
25,shampoo,1550368715
28,juice,1550370415
34,pencil,1550366515
11,bagpack,1550362015
55,bacon,1550357915
50,shampoo,1550370615
41,letters,1550358215
18,desk,1550362515
57,sugar,1550363815
5,rice,1550370115
44,juice,1550360815
6,sugar,1550370015
55,bacon,1550359015
2,wallet,1550358915
17,fridge,1550368615
16,laptop,1550356915
1,watch,1550364015
41,letters,1550355715
26,dates,1550362315
4,belt,1550357215
67,sweaters,1550370415
1,watch,1550356915
15,mobiles,1550358315
54,rope,1550354415
40,shower,1550365515
11,bagpack,1550362815
19,soda,1550363715
43,bottles,1550362715
66,boots,1550358915
26,dates,1550355615
42,books,1550368515
28,juice,1550353215
49,mutton,1550352115
9,heals,1550362415
4,belt,1550358715
9,heals,1550360015
19,soda,1550370615
60,yeast,1550366615
40,shower,1550361115
22,earrings,1550350815
8,sandal,1550355515
17,fridge,1550359915
37,bulbs,1550370015
28,juice,1550355315
16,laptop,1550359715
61,vegetables,1550364115
69,jacket,1550365715
6,sugar,1550364515
18,desk,1550368215
50,shampoo,1550364615
64,milk,1550362815
4,belt,1550356915
10,handbag,1550368015
56,tomatoes,1550363715
5,rice,1550355615
30,maggi,1550365915
49,mutton,1550369215
32,paper,1550352615
50,shampoo,1550365615
1,watch,1550354515
25,shampoo,1550358315
47,chain,1550356915
15,mobiles,1550368815
59,onions,1550353315
44,juice,1550358215
46,bread,1550363315
31,keyboard,1550353515
67,sweaters,1550358915
33,pen,1550370315
9,heals,1550354715
24,ring,1550368215
12,pillow,1550356515
8,sandal,1550357615
42,books,1550351115
40,shower,1550367315
51,cakes,1550362815
5,rice,1550365715
55,bacon,1550355815
6,sugar,1550370415
32,paper,1550352415
31,keyboard,1550357415
25,shampoo,1550359115
17,fridge,1550360015
21,bangles,1550365415
42,books,1550360015
11,bagpack,1550361115
10,handbag,1550352515
68,dress,1550361715
31,keyboard,1550357615
6,sugar,1550356015
6,sugar,1550367415
30,maggi,1550355915
20,hat,1550366315
36,rocket fuel,1550370015
58,eggs,1550356115
65,handbags,1550353515
57,sugar,1550358915
64,milk,1550358115
36,rocket fuel,1550367915
52,cards,1550359015
45,cars,1550351515
24,ring,1550359015
45,cars,1550360815
67,sweaters,1550358015
63,cheese,1550369715
41,letters,1550370315
13,teddy,1550369315
49,mutton,1550359415
7,skirt,1550362315
55,bacon,1550357315
42,books,1550368815
29,lays,1550353915
36,rocket fuel,1550357615
50,shampoo,1550354715
61,vegetables,1550363415
63,cheese,1550361215
30,maggi,1550362015
50,shampoo,1550367215
2,wallet,1550353315
21,bangles,1550362215
5,rice,1550351515
68,dress,1550351215
34,pencil,1550361815
6,sugar,1550357015
21,bangles,1550359315
67,sweaters,1550368815
19,soda,1550358915
35,radio,1550368315
67,sweaters,1550369815
51,cakes,1550367815
6,sugar,1550354715
26,dates,1550356515
29,lays,1550364215
55,bacon,1550353315
6,sugar,1550359415
21,bangles,1550368115
58,eggs,1550367715
32,paper,1550366315
54,rope,1550366315
12,pillow,1550368715
29,lays,1550355415
7,skirt,1550363015
25,shampoo,1550365015
12,pillow,1550356815
27,cashew,1550362715
68,dress,1550352515
29,lays,1550352515
3,shoes,1550364315
58,eggs,1550351715
21,bangles,1550351915
60,yeast,1550366215
42,books,1550363715
65,handbags,1550369715
63,cheese,1550366915
28,juice,1550363715
17,fridge,1550363915
62,baking powder,1550361815
6,sugar,1550353715
2,wallet,1550363315
54,rope,1550360415
26,dates,1550368715
29,lays,1550352615
45,cars,1550367615
36,rocket fuel,1550365215
63,cheese,1550360315
59,onions,1550352115
27,cashew,1550354115
51,cakes,1550351415
69,jacket,1550357415
51,cakes,1550356415
8,sandal,1550351215
55,bacon,1550355615
33,pen,1550358115
25,shampoo,1550368815
46,bread,1550370015
56,tomatoes,1550358115
36,rocket fuel,1550363715
11,bagpack,1550360915
59,onions,1550358715
36,rocket fuel,1550365115
53,pearls,1550362515
52,cards,1550361315
41,letters,1550357815
63,cheese,1550364615
31,keyboard,1550357815
58,eggs,1550353815
54,rope,1550365615
16,laptop,1550362115
63,cheese,1550369215
13,teddy,1550365915
53,pearls,1550358415
61,vegetables,1550361215
4,belt,1550360815
40,shower,1550360215
10,handbag,1550363515
24,ring,1550359315
46,bread,1550369115
43,bottles,1550362615
52,cards,1550362215
69,jacket,1550358015
37,bulbs,1550365715
40,shower,1550367815
56,tomatoes,1550358915
18,desk,1550362015
39,pajamas,1550352915
18,desk,1550352215
10,handbag,1550352415
3,shoes,1550354415
10,handbag,1550357815
7,skirt,1550367215
51,cakes,1550354215
19,soda,1550352515
35,radio,1550370615
36,rocket fuel,1550369215
11,bagpack,1550361015
27,cashew,1550362515
11,bagpack,1550352415
52,cards,1550367415
40,shower,1550362615
54,rope,1550369815
55,bacon,1550361715
16,laptop,1550370615
58,eggs,1550359915
54,rope,1550354415
3,shoes,1550357415
48,bullets,1550364815
38,ink,1550366115
17,fridge,1550368515
13,teddy,1550355715
17,fridge,1550363415
54,rope,1550351315
53,pearls,1550370015
43,bottles,1550363815
34,pencil,1550355915
35,radio,1550352115
29,lays,1550353415
51,cakes,1550363515
3,shoes,1550368115
27,cashew,1550358715
61,vegetables,1550354315
29,lays,1550351415
18,desk,1550362215
65,handbags,1550362815
64,milk,1550366915
68,dress,1550367815
20,hat,1550369615
18,desk,1550368915
44,juice,1550363415
63,cheese,1550351815
20,hat,1550364815
20,hat,1550367915
4,belt,1550368615
40,shower,1550360715
36,rocket fuel,1550355715
40,shower,1550361315
49,mutton,1550351615
61,vegetables,1550358415
36,rocket fuel,1550364115
48,bullets,1550360015
49,mutton,1550359015
33,pen,1550363215
45,cars,1550366615
53,pearls,1550355615
33,pen,1550359915
32,paper,1550358915
60,yeast,1550367615
29,lays,1550357015
41,letters,1550368215
64,milk,1550351215
38,ink,1550351215
62,baking powder,1550365215
26,dates,1550359015
36,rocket fuel,1550361215
45,cars,1550350815
48,bullets,1550367615
65,handbags,1550368415
55,bacon,1550355415
32,paper,1550366715
21,bangles,1550365015
18,desk,1550360215
11,bagpack,1550361015
67,sweaters,1550355615
28,juice,1550370515
34,pencil,1550370415
24,ring,1550366615
22,earrings,1550357415
50,shampoo,1550359815
66,boots,1550364015
59,onions,1550356215
11,bagpack,1550368915
12,pillow,1550369315
8,sandal,1550364815
29,lays,1550364815
63,cheese,1550350815
8,sandal,1550367915
16,laptop,1550368215
66,boots,1550361915
21,bangles,1550356315
61,vegetables,1550350915
14,suitcase,1550353015
13,teddy,1550354715
37,bulbs,1550353615
37,bulbs,1550368515
39,pajamas,1550362715
64,milk,1550352515
50,shampoo,1550356515
39,pajamas,1550366215
47,chain,1550360415
31,keyboard,1550362215
52,cards,1550365015
52,cards,1550357615
35,radio,1550363715
5,rice,1550364815
59,onions,1550350815
19,soda,1550364215
3,shoes,1550367115
5,rice,1550351215
48,bullets,1550365015
5,rice,1550355815
56,tomatoes,1550353615
36,rocket fuel,1550355215
63,cheese,1550354815
9,heals,1550352815
33,pen,1550353115
55,bacon,1550359515
12,pillow,1550351115
1,watch,1550355915
61,vegetables,1550355815
30,maggi,1550368515
63,cheese,1550361315
54,rope,1550358615
41,letters,1550352915
65,handbags,1550360315
5,rice,1550352315
34,pencil,1550355315
57,sugar,1550356515
26,dates,1550363915
11,bagpack,1550368715
9,heals,1550355915
9,heals,1550361415
66,boots,1550354915
7,skirt,1550363815
43,bottles,1550353215
45,cars,1550351615
15,mobiles,1550362915
43,bottles,1550370215
36,rocket fuel,1550362515
46,bread,1550351415
67,sweaters,1550368215
55,bacon,1550351315
29,lays,1550369115
39,pajamas,1550362915
8,sandal,1550363715
65,handbags,1550360115
31,keyboard,1550356015
61,vegetables,1550360115
45,cars,1550357115
46,bread,1550354015
41,letters,1550369315
3,shoes,1550368315
22,earrings,1550362715
50,shampoo,1550369515
44,juice,1550355115
30,maggi,1550367915
30,maggi,1550370315
57,sugar,1550366115
37,bulbs,1550351815
66,boots,1550357215
53,pearls,1550369815
22,earrings,1550365915
29,lays,1550362315
